{
    "proposed_sim": {
        "n_particles": 300,
        "cell_size": 0.005,
        "d_th": 0.009391356288563543,
        "theta_th": 0.10770123594561876,
        "s_inc": 0.03471781374617366,
        "s_dec": 0.02158449466272687,
        "eff_th": 0.4318628852881017,
        "std_x": 0.000524805694038163,
        "std_y": 0.00037894138839731343
    },
    "proposed_sim_raw": "[FrozenTrial(number=181, state=1, values=[0.759560939339793, 0.7240663059209574], datetime_start=datetime.datetime(2024, 3, 29, 22, 21, 41, 587317), datetime_complete=datetime.datetime(2024, 3, 29, 22, 47, 47, 142194), params={'d_th': 0.009391356288563543, 'theta_th': 0.10770123594561876, 's_inc': 0.03471781374617366, 's_dec': 0.02158449466272687, 'eff_th': 0.4318628852881017, 'std_x': 0.000524805694038163, 'std_y': 0.00037894138839731343}, user_attrs={}, system_attrs={'nsga2:generation': 3}, intermediate_values={}, distributions={'d_th': FloatDistribution(high=0.01, log=True, low=0.001, step=None), 'theta_th': FloatDistribution(high=0.5235987755982988, log=False, low=0.06544984694978735, step=None), 's_inc': FloatDistribution(high=0.1, log=True, low=1e-06, step=None), 's_dec': FloatDistribution(high=0.1, log=True, low=1e-06, step=None), 'eff_th': FloatDistribution(high=0.99, log=False, low=0.1, step=None), 'std_x': FloatDistribution(high=0.001, log=True, low=1e-05, step=None), 'std_y': FloatDistribution(high=0.001, log=True, low=1e-05, step=None)}, trial_id=182, value=None)]",
    "proposed_sim_dir": "20240326T144503",
    "proposed_exp": {
        "n_particles": 300,
        "cell_size": 0.005,
        "d_th": 0.0065266703816087195,
        "theta_th": 0.3889040240202688,
        "s_inc": 0.06099639876798876,
        "s_dec": 0.002853357512703991,
        "eff_th": 0.2069683696232313,
        "std_x": 0.000564408676339869,
        "std_y": 6.90043533323166e-05
    },
    "proposed_exp_raw": "FrozenTrial( number=203, state=1, values=[0.37644478174171986, 0.4761176738186711], datetime_start=datetime.datetime(2024, 4, 16, 5, 6, 2, 860183), datetime_complete=datetime.datetime(2024, 4, 16, 5, 8, 58, 509970), params={ 'd_th': 0.0065266703816087195, 'theta_th': 0.3889040240202688, 's_inc': 0.06099639876798876, 's_dec': 0.002853357512703991, 'eff_th': 0.2069683696232313, 'std_x': 0.000564408676339869, 'std_y': 6.90043533323166e-05 }, user_attrs={}, system_attrs={'nsga2:generation': 4}, intermediate_values={}, distributions={ 'd_th': FloatDistribution(high=0.01, log=True, low=0.001, step=None), 'theta_th': FloatDistribution(high=0.5235987755982988, log=False, low=0.06544984694978735, step=None), 's_inc': FloatDistribution(high=0.1, log=True, low=1e-06, step=None), 's_dec': FloatDistribution(high=0.1, log=True, low=1e-06, step=None), 'eff_th': FloatDistribution(high=0.99, log=False, low=0.1, step=None), 'std_x': FloatDistribution(high=0.001, log=True, low=1e-05, step=None), 'std_y': FloatDistribution(high=0.001, log=True, low=1e-05, step=None) }, trial_id=204, value=None )",
    "proposed_exp_dir": "20240415T170400",
    "baseline_exp": {
        "rho": 0.978584352846009,
        "alpha": 11728.576479647547
    },
    "baseline_sim": {
        "rho": 0.992,
        "alpha": 860
    },
    "baseline_sim_dir": "",
    "baseline_sim_raw": "",
    "baseline_exp_raw": "FrozenTrial( number=275, state=1, values=[1.1282708486422421, 5.168914916351453], datetime_start=datetime.datetime(2024, 4, 16, 10, 45, 10, 271146), datetime_complete=datetime.datetime(2024, 4, 16, 10, 45, 22, 178694), params={ 'rho': 0.978584352846009, 'alpha': 11728.576479647547 }, user_attrs={}, system_attrs={'nsga2:generation': 5}, intermediate_values={}, distributions={ 'rho': FloatDistribution(high=1.0, log=False, low=0.5, step=None), 'alpha': FloatDistribution(high=1000000.0, log=True, low=1.0, step=None) }, trial_id=276, value=None )",
    "baseline_exp_dir": "20240416T091435",
    "naive_sim": {
        "n_particles": 300,
        "cell_size": 0.08,
        "eff_th": 0.4323337527923288,
        "std_c": 0.00011435661955938376,
        "std_s": 0.004373584553147218,
        "std_y": 1.693055954802235e-05,
        "initial_s_range": 0.09970475720458673
    },
    "naive_sim_dir": "20240417T193711",